cell,optn,beta,batch,arch,stationary,gbs,kspec,r1,step_top,u_rot,cv_lam
L_adam05_b2048_s0,Adam,0.5,2048,mlp_s,True,1.820819083007132,0.5657004465684526,-0.7714670262668731,0.0006528373483448756,0.05648910999298096,0.7288700235007953
L_adam05_b2048_s1,Adam,0.5,2048,mlp_s,True,1.8199381563932815,0.4818962131992362,-0.7545763430749123,0.0006719114019641517,0.045987337827682495,0.7111005301017304
L_adam_b128_s0,Adam,0.9,128,mlp_s,True,1.3380780359953115,1.1805818333361582,-0.04688259145659762,1.729695646235189e-05,0.7893506065011024,0.1338380995479275
L_adam_b128_s1,Adam,0.9,128,mlp_s,True,1.3365980645596989,1.181756591779635,-0.05018020056426847,1.7677834129803905e-05,0.7837544083595276,0.13643463004635584
L_adam_b2048_s0,Adam,0.9,2048,mlp_s,True,2.0540733698404683,1.9421235245087205,-0.9589469499704988,0.0002695812609808944,0.10661312937736511,0.06349965848149737
L_adam_b2048_s1,Adam,0.9,2048,mlp_s,True,2.052255679127395,1.938213396219762,-0.9563679120522959,0.0002677958944771327,0.11017480492591858,0.06383067589669947
L_adam_b2048_s2,Adam,0.9,2048,mlp_s,True,2.049148737074346,1.9401045709517546,-0.9590006929303712,0.0002750550736995215,0.10708969831466675,0.06228440816848403
L_adam_b2048_s3,Adam,0.9,2048,mlp_s,True,2.05619317090733,1.9400976695419234,-0.9602157327210292,0.0002749763093223104,0.11005127429962158,0.06251155981504959
L_adam_b2048_s4,Adam,0.9,2048,mlp_s,True,2.0504403873276855,1.9360846743385007,-0.956124457025135,0.0002675273487170515,0.11286324262619019,0.06472429525021628
L_adam_b8_s0,Adam,0.9,8,mlp_s,False,0.40612428742524714,0.3868383620649067,0.18786921762824307,0.00010119321617009936,0.9721692036837339,0.6044122594082884
L_adam_b8_s1,Adam,0.9,8,mlp_s,False,0.41215432464917434,0.4001324436111998,0.18736309173654936,0.00010174544599608353,0.9733852380886674,0.6005342452193652
L_b128_beta0.9_s0,SGD-Momentum,0.9,128,mlp_s,True,1.530233398944398,1.5140047318532215,-0.06741192676432828,0.017600297693927278,0.10810881853103638,0.11879126780532283
L_b128_beta0.9_s1,SGD-Momentum,0.9,128,mlp_s,True,1.5285993652134564,1.5401859480799664,-0.09932556268933114,0.01654178689050669,0.10715660452842712,0.11989517997857335
L_b32_beta0.9_s0,SGD-Momentum,0.9,32,mlp_s,True,0.6164585152887856,0.5372631235518617,0.2803242310505787,0.037967711985660534,0.8763806857168674,0.20417306446957081
L_b32_beta0.9_s1,SGD-Momentum,0.9,32,mlp_s,True,0.6132126671023184,0.5458391416959012,0.31748810769407326,0.03727218699355654,0.8673589751124382,0.20549266547490774
L_b512_beta0.9_s0,SGD-Momentum,0.9,512,mlp_s,True,2.363491538556513,2.0145240616240008,-0.8915156939250106,0.01243114101738153,0.022690027952194214,0.051423212844072246
L_b512_beta0.9_s1,SGD-Momentum,0.9,512,mlp_s,True,2.138585395575072,2.007786439147982,-0.8804365220410372,0.025641418021511098,0.024110347032546997,0.0533572903475887
L_b512_beta0.9_s2,SGD-Momentum,0.9,512,mlp_s,True,2.3123867396736246,1.991723656994216,-0.8822612646884566,0.01602901984720118,0.022436708211898804,0.052519128391465345
L_b512_beta0.9_s3,SGD-Momentum,0.9,512,mlp_s,True,2.3009316320765567,1.993595478350279,-0.8868389542950288,0.016045467441147584,0.02425473928451538,0.0505885914935957
L_b512_beta0.9_s4,SGD-Momentum,0.9,512,mlp_s,True,2.2813445112003974,2.0087382564537397,-0.90393311698338,0.017198536295911688,0.022189706563949585,0.05143496514346527
L_b64_beta0.9_s0,SGD-Momentum,0.9,64,mlp_s,True,1.0193820403735343,1.0345472529289577,0.32737378409062523,0.015136622061507274,0.22499951720237732,0.16235664824770785
L_b64_beta0.9_s1,SGD-Momentum,0.9,64,mlp_s,True,1.028367737679293,1.0510575363789876,0.31856901362795037,0.016643627890737478,0.22704151272773743,0.1641372985778275
L_b8_beta0.99_s0,SGD-Momentum,0.99,8,mlp_s,True,0.1320585895161795,0.03318758699100838,0.246355910115009,0.0055426920225346695,0.940507972612977,0.31732569175150577
L_b8_beta0.99_s1,SGD-Momentum,0.99,8,mlp_s,True,0.13312241273229874,0.032383407089337846,0.2537013157250891,0.00548320941012898,0.9422687906771898,0.3173884813851056
L_b8_beta0.9_s0,SGD-Momentum,0.9,8,mlp_s,True,0.29434957487110275,0.32930834246995666,0.16073196839808226,0.033211634397291134,0.9672447629272938,0.3231458058519832
L_b8_beta0.9_s1,SGD-Momentum,0.9,8,mlp_s,True,0.29440687601196025,0.3296619112068872,0.1698696163816712,0.03294800412846774,0.9664003103971481,0.3237541728816055
L_muon_b2048_s0,Muon,0.95,2048,mlp_s,False,2.0024925120185806,1.3331439731574297,-0.5991764997008433,0.0008370656121271038,1e-06,0.29029451587837196
L_muon_b2048_s1,Muon,0.95,2048,mlp_s,False,2.0010123661786876,1.349803314083531,-0.6009256967294019,0.0008605117800369083,1e-06,0.2956650308589798
L_muon_b2048_s2,Muon,0.95,2048,mlp_s,False,2.0006429503760534,1.3443871867351136,-0.5850861475293615,0.0009222318729023983,1e-06,0.2930378118161398
L_nest_b128_beta0.9_s0,SGD-Nesterov,0.9,128,mlp_s,True,1.7218334150011485,2.2198854998200983,-0.9454434695267022,0.08479460878326084,0.1291353702545166,0.11031740018898557
L_nest_b128_beta0.9_s1,SGD-Nesterov,0.9,128,mlp_s,True,1.583200600799201,2.205961032228408,-0.9254427509936195,0.06823008850028028,0.12775099277496338,0.11167870376503011
L_nest_b128_beta0.9_s2,SGD-Nesterov,0.9,128,mlp_s,True,1.7714965775534002,2.2383927707909446,-0.964478358667554,0.15150262249444577,0.1259976029396057,0.11140035862254921
L_nest_b128_beta0.9_s3,SGD-Nesterov,0.9,128,mlp_s,True,1.6627477636679746,2.22351411751625,-0.9604643984962762,0.05447793985762682,0.12553679943084717,0.10990032195307231
L_nest_b128_beta0.9_s4,SGD-Nesterov,0.9,128,mlp_s,True,1.8178413722614137,2.2513864524858325,-0.9606747203212448,0.16169349532011207,0.13025543093681335,0.109834507888682
L_nest_b2048_beta0.9_s0,SGD-Nesterov,0.9,2048,mlp_s,True,1.9998270827316333,2.003191197501397,-0.9996163647439678,0.9994028581169985,1e-06,0.002855599581874755
L_nest_b2048_beta0.9_s1,SGD-Nesterov,0.9,2048,mlp_s,True,1.9999382088371296,2.0013197082144685,-0.9998117424236187,0.772526637429187,1e-06,0.0014744744547359758
L_nest_b2048_beta0.9_s2,SGD-Nesterov,0.9,2048,mlp_s,True,1.9988712793718926,2.0033127281322614,-0.998813676233862,0.9862174520203617,1e-06,0.0026331729932286005
L_nest_b2048_beta0.9_s3,SGD-Nesterov,0.9,2048,mlp_s,True,1.9957272842771852,2.0024222512737064,-0.9993395537842433,0.9659046629878496,1e-06,0.0031224923450766046
L_nest_b2048_beta0.9_s4,SGD-Nesterov,0.9,2048,mlp_s,True,1.999648015624476,2.001143168218039,-0.9998285143572159,0.9954307330245176,1e-06,0.002056992990754979
L_nest_b256_beta0.9_s0,SGD-Nesterov,0.9,256,mlp_s,True,1.7978664508631597,2.140766736929983,-0.9857511152274988,0.11652547466108461,0.06943249702453613,0.07501802424340481
L_nest_b256_beta0.9_s1,SGD-Nesterov,0.9,256,mlp_s,True,1.726950756185189,2.1368432409038443,-0.9783291295875965,0.10310180042286396,0.07004031538963318,0.0771170194695941
L_nest_b512_beta0.9_s0,SGD-Nesterov,0.9,512,mlp_s,True,1.8616600210571488,2.0708998333091477,-0.9891309044309593,0.2250213480011909,0.03452292084693909,0.04980823813021595
L_nest_b512_beta0.9_s1,SGD-Nesterov,0.9,512,mlp_s,True,1.909050399414405,2.0673791787373634,-0.9941650484634824,0.39302098792815754,0.03459906578063965,0.04878798382012778
L_nest_b8_beta0.9_s0,SGD-Nesterov,0.9,8,mlp_s,True,0.4554932705078326,0.6808972778388301,0.03482676564062317,0.10281191742525264,0.9596359636634588,0.3192895881544506
L_nest_b8_beta0.9_s1,SGD-Nesterov,0.9,8,mlp_s,True,0.45515387848600114,0.6808595430783039,0.021743655479442712,0.10200843619002037,0.9597204886376858,0.3218546745211459
A2_adam_b2048_s0,Adam,0.9,2048,mlp_l,True,2.0211458105899176,0.2755944667202293,-0.44067914034305683,2.562541640010714e-05,0.09706676006317139,6.136002372009122
A2_adam_b2048_s1,Adam,0.9,2048,mlp_l,True,2.0274195999141686,0.31191809120148417,-0.4106435415214086,2.1196237304219388e-05,0.1034197211265564,7.14816825173107
A_adam_b2048_s0,Adam,0.9,2048,mlp_l,True,1.908395649066191,0.2898667477040909,-0.513819467549397,1.0090612140171492e-05,0.09516051411628723,3.569574930555147
A_adam_b2048_s1,Adam,0.9,2048,mlp_l,True,1.8980934809927317,0.2369308785456249,-0.49292139938942564,7.960002347650686e-06,0.08325299620628357,5.004091711901571
A_adam_b8_s0,Adam,0.9,8,mlp_l,False,0.4028342987157759,0.3054993906855351,0.039980126408661915,5.71136497415713e-07,0.9995131773612229,2.5331925484042843
A_adam_b8_s1,Adam,0.9,8,mlp_l,False,0.38092520923001516,0.3943726474974771,0.015245237788684753,7.19111813035998e-07,0.9993716186727397,3.1045048360435685
A_b32_beta0.9_s0,SGD-Momentum,0.9,32,mlp_l,True,0.24899914035618867,0.3095833717428401,0.13986102637139422,0.029495322650655215,0.9048724509775639,0.20883854875262559
A_b32_beta0.9_s1,SGD-Momentum,0.9,32,mlp_l,True,0.20712328791089785,0.3043199702380015,0.13451961023321377,0.02344121514822525,0.9102514758706093,0.22092438643325535
A_b8_beta0.99_s0,SGD-Momentum,0.99,8,mlp_l,False,0.035935659528973936,0.013930349266431151,0.13291734482725812,0.003162502915195796,0.9780285637825727,0.6457609952679847
A_b8_beta0.99_s1,SGD-Momentum,0.99,8,mlp_l,False,0.04019071828504549,0.01380938801988132,0.16384963386570495,0.003427294140828119,0.9790894016623497,0.7250358215728979
A_b8_beta0.9_s0,SGD-Momentum,0.9,8,mlp_l,False,0.09691417703196464,0.14433201063957427,0.1213237025682868,0.021041553562112125,0.9777959566563368,0.5756826092384342
A_b8_beta0.9_s1,SGD-Momentum,0.9,8,mlp_l,False,0.10120596669790527,0.14908619971880818,0.12078499288407472,0.022296527793205498,0.9789081607013941,0.5396489101765268
A_muon_b2048_s0,Muon,0.95,2048,mlp_l,False,2.002340217687584,1.8791778027142303,-0.9989588476964353,0.004970819565325645,1e-06,0.1738107404819369
A_muon_b2048_s1,Muon,0.95,2048,mlp_l,False,2.003850039931055,1.8006866476609855,-0.9992063055685312,0.004180089723531562,1.3709068298339844e-06,0.24305431129840555
A_nest_b128_beta0.9_s0,SGD-Nesterov,0.9,128,mlp_l,True,1.2316109136787647,2.2499483254823116,-0.8178563750336936,0.110776525492249,0.21635454893112183,0.13799480160762057
A_nest_b2048_beta0.9_s0,SGD-Nesterov,0.9,2048,mlp_l,True,1.9864503215281688,1.9943972787334459,-0.9997138512029903,0.9926800882767661,1e-06,0.007008292042990976
A_nest_b2048_beta0.9_s1,SGD-Nesterov,0.9,2048,mlp_l,True,1.9898136108705085,1.9956460628170476,-0.999829584855178,0.994771905584603,1e-06,0.00687332411131005
A_nest_b512_beta0.9_s0,SGD-Nesterov,0.9,512,mlp_l,True,1.5865426798074447,2.075077110389559,-0.9930394153516992,0.4862682465616228,0.04569163918495178,0.05763161793050698
A_sgd_b2048_s0,SGD,0.0,2048,mlp_l,True,1.954892594441307,1.9722295331078148,-0.9998812917455948,0.9850323842378419,1e-06,0.016973689723281664
A_sgd_b2048_s1,SGD,0.0,2048,mlp_l,True,1.951283789513972,1.9681326516402688,-0.772552940385713,0.9847480976254073,1e-06,0.08604418208248346
